0x7765d2f780608482c4cbae1ec1ae4ddf75dfca79,0.0
0x69d174b5934ea2e20b0a31dd848c79ae5300a095,0
0x01013b544cd83e58434f00908234f0a04907f5c2,0.0
0x2cea4199aa9c3a3a3cb121444a73dfcd68668468,0.0
0x8be95d157dc0a872ec44c56b546526e3bfca82f6,0.0
0xb3ec97bfad595acb7004262a66d2cfa49d974acb,0.0
0x0d6e34658d2b81b7a02581d7ce42be73ff783310,0.0
0x89d55df2a1a0ee9873b7846e1869d721bfc0126c,0.0
0x9284c817793dae6a54ff1428692f86bc78a5be14,0.0
0x20342470c8502e7b1ea09b7c488561ae229117a3,0.0
0x78f55d7d4536b9d82117a52f3e10dc570a69724d,0.0
0x5babb30e24d6180989b1c81b155520e616cee661,0.0
0xaa31b33d3116133c8993cb5436f4675deea45f0e,0.0
0xa844b76ab2b6369b7fffcd44af1aed87097cb566,0.0
0x10186a8bbe4817ba20ff98263c015e3de74c777d,0.0
0xbae8f33f5838f58a0d52a78ad52bdf1f2aa03bbc,0.0
0x92ccffbb903ed69d1a11f4c3ea42afae7f93a747,0.0
0x756ae358f20ce886dbb103caa18576fb7889c7a3,4e-08
0x45876a497a5cc1c6679f57e2c8599365594adbe6,4e-08
0xae9d71c72e7ec73bf8ce5ecfd530871993d20087,4e-08
0x894f6684894d19a9a543af9845c49e43991dae3c,4e-08
0x4a9797f16b7c0d66814988b167285394750cfb8b,4e-08
0x9a2d8681ffcc45b0c18e72b16fba9b2270b911ed,4e-08
0x49545bdf78eab2b8abf0809aa8f1de87744809a0,4e-08
0xf6d855c6de433f2a54f54daa388ff943640339ba,4.0000000006e-08
0xeb99802a71cbab59f2d793947dddfbe5afb0b7a3,8e-08
0xa65a7f576bff0aa97de2964eeda2e91138752d1f,8e-08
0xf1d5e60ff4eba6e0e0173be1a4081d5898888fc8,1.2000000000000002e-07
0x35b74ed5038bf0488ff33bd9819b9d12d10a7560,1.2000000000000002e-07
0x306fc5541a2e301370837a1aa2edc9f48ca558dc,1.6e-07
0xde33e71faecdead20e6a8af8f362d2236cba005f,1.6e-07
0x8715fee7127f3a571ea92bbef6bdf8ca27c4514c,2e-07
0x6b12c18cc4f271ac5eeb1a51dc36531b70e9b38c,2.4e-07
0xa8c50e6ca28fa46a2fbaa4d128fd96003b99ee68,3.9999999999999993e-07
0x23fa394138c261f997585f78f0f94be1f88065ad,3.9999999999999993e-07
0x141e59a5b2cb99c97b4cd03a63069ec64b5a8b4e,0.00031418396018304
0xbb341e3bc4410a16cc3795febb6a9bbca2b7af13,0.001
0x53973de9f2c57f321105b2c5114f034047bf8864,0.002141182208332399
0x5c398a20341500bcc613f1d8a229202bc07c15c6,0.003370131461751047
0xb118cccfbcd6d5f64750dfed644fd4745118ca80,0.003520630897056753
0xec466bd11b07b94f08c7cfbcd03c9b37d58ceddf,0.004000559999999998
0x4485beabc978e4292f3d8ed9fdc10c392efbc068,0.005402436498860986
0x39ff5aed5c365e6c4fb72efcdeb1dfb8d6963004,0.007566443826091015
0xaaa7e148cf578ba7b14d4cd0dd1ca6323a2755e6,0.008111729931692064
0xb1c7377e0f34f7ce03b5474546428c1954b3d703,0.009550485393869658
0x74e1971951453e088f4fcb468619115fdbbee8c6,0.012727730040012708
0x5ee428c35064d530becd358d24391fc5ddbf83c8,0.0173694604883006
0xfc5c512941c102e5fdaea091ab31771362e42058,0.02165087956698241
0x8ee54807c442e1385387bf7fd84078b57261b35b,0.02434037581540259
0xe234f2cd4b344e82e200fba4e64763500f8fe0f0,0.024527386661242614
0xf5cd2c7649d0ebfa4fdd3578448d4e7a83fbfd4d,0.025553507218865793
0x9d743ab3c8281fb2f7a7cc81d70087f6ce344ed7,0.025848698948819575
0xb8564317563f821183dd5a6d38a21bf13d3e521c,0.03474514436607484
0x18c3cab528063d5ea47878d1bcfadfeba8f8fec4,0.03525720128336213
0x9e93acef655c41c367cdfbef724ed4d55026f8df,0.036424564726451523
0x2342bd10d86c65b08c8402d8c7902f884718f4dc,0.03666975500418661
0x0609c757c8532bdba9b14b96ae0f9682a3786df2,0.03911458796337452
0x03df288302d358eac0b2552698306e8fd9c1f793,0.04385160862106355
0x3bbeb3b95e510435e1125cb8b18cdabff2000ef2,0.046446441059587326
0x1b6c3d3ae28d6a38424df627b39d5de2f5b5bccb,0.04840900995940905
0x4ffd05a8fa8afa9da983fb8d863f484dd2c2e8ed,0.049073223856004065
0xefc80cc4512ad0e7f238109816efff0681d8ec82,0.049073223856004065
0x67b3a139cd71ce4ace18c14ad93743649d241d7d,0.04912051605258465
0xca87733ac7f826e7214c39ae6664e8527bd1081d,0.04912051605258465
0x6e69d048d5e31fac6ded330ab1155d01fc6d5a43,0.049386961476340904
0x74e5c405ede4e37e780db9652541538dd8a79a7d,0.05
0xa437fa1784bb7b62cdc8281f99b0716f5023af02,0.05
0x3070012995addd4a2c11ac4c1e78f16250ba82bc,0.05
0xa6e184d8cc7624b0169ce2987feaf7c13f32bfd0,0.05
0x03deda8fb189f4d10315386ed7a019448191eeb9,0.05
0x35e9f28d0dc89b252998ac6d411ae0abde513102,0.0503792169608687
0x84aa5067d6e594c1d3e1868a196e6c3cc3814693,0.054695838638774794
0xadc0478b7be7484ca4d9bccfeb42b34d6c3592ee,0.05585760035748865
0x181a101fa457ea99ef0151185fa5d6aaf9357fc2,0.06
0x24763f581b4318155dc290e62ef6b73ba1df8c0d,0.06654999387939706
0x0f37b67c86fed72d8c1ceca752c99f17db0f8d5b,0.08198706840330185
0x0381e8eb644782197cd619c13a30e2671b1a5ed4,0.08512560369688336
0x7b0b382fb71eb9f47bc4f75c19998e228600ad66,0.08793984211280748
0x9db5463f819ccf8e78b61a96b6a30d4d8abe8a9e,0.08818342151675485
0x8150e0a31bf4eb1abdb686d92718c372f9ef267e,0.08850810734263258
0xf020b29f1c87b8ab129f4f9ea97d50d99b31f53a,0.09004060831434978
0xb911060e4f48dcc3ea9b850769b3529f03a9ee11,0.09735891807689584
0x89e16c469c1ab39d62b3a1ce286f23ccd933fb06,0.1
0x9524bb729b8f7659917f594829a7df1b5d006b07,0.1
0x956ee7e5688996614e4ae5273885da3e73be5417,0.1
0x1169747e09661f6d08df7c08328483ae8d106d64,0.1
0x359e16011f81bd40a819e6f7ed4e2e9917a9b65f,0.1
0x6b435a4acad2038a9f0fffc65a659c87fb74e214,0.1105460977227504
0xf8843cfd872a431fc5f302e7ea4aba0b6cf71c6d,0.11716598905669662
0x1a291f4f5e7f520c8fabf1be2356cbf7cd46ef9f,0.12025012025012025
0x74ad06a838ff6c48f2bf5819f4464ed1072d2b8b,0.12188765120020294
0x058dbc0fa9afd724614a3c76b3fe7f5d721c3abe,0.1242645452497673
0x7255772cbf599a9c8cb4577a6fd036ec5855fd7f,0.12689121972546064
0xf77c1ce76362e9c53f01772d556d8061c593ebad,0.12924349474409788
0xfa6cfd1f577eef43619e14c8036e9220e36b18ad,0.13221450481260796
0xf86bb9cc17930c87bae066d49bd4c8b0b349aab9,0.13314870046868343
0xcabb8a15d3f7624b335ce8ed10824aa255a0b801,0.13334518623877678
0x85f1ce348723db78d9d192bf9ddd59bf0a7a0f00,0.13342346829858392
0x1439ef7725e02ec7ce7a106d0df738bcdcdbf435,0.1342979146757001
0x3e6644523bd348d28a168faa0d902e32e43a9c33,0.1342979146757001
0x2995f876a1bd2c5b03611195866dc300db135dee,0.1344132345338618
0x583e12d6ee8b3da0d72c9d46bb048599bfb65873,0.13469827586206898
0x8456c6754175322b534fbf82077d6ab21e04bcf5,0.13529732127539554
0xca1f6decea9c81ea5125a557b54a474794e1b2b1,0.13738276670574442
0xc196f3ea40a6ec84522f9fa5080c6344b7395e19,0.13774357655787986
0xb4c3898c8ea6717e40fe590b748726c116b46200,0.13776381771091642
0x6b1816ecd29495706c0b999f79d47024419e446f,0.14066280312834073
0xc63fac78cf8202eff179c6f645a060dd82e012d6,0.14139738320576148
0x37fcf4a6ddf81ca7a7a6f3d004c8134159e4f3e4,0.1420693345709151
0x5cce0597fa24bf25254fa4f5aa29859510cb3396,0.14213159490600363
0x0e51adaaf2d80aab54c87650e60b434ae7affe82,0.14213159490600363
0x83b922fa33971c403b9ff44b1c57cce5bd14b150,0.14226100151745066
0x3a6b8c9cc730e2f5f279860ce72fb985f461df77,0.14226100151745066
0x40798a75e15afca16bd4537c4611cdb76ce68e0d,0.14226100151745066
0x7953c01385a01e7ad636c2bee890872196ac22c7,0.14226100151745066
0xfb1583c2d6db00be6732fcc0bc0ed2e37dcc0682,0.14325728090804488
0x4bf49f30825a2f54330f282ea72276c6fd944855,0.14325728090804488
0x2119be1f1116f01704cf2ad21e6d85abf999ec1f,0.1435035923732624
0xdeeefa3fb0abcd1f2ecf5e08675da0a2edad1ee9,0.1446145818932131
0xf58948d6e2b4e64fe71df046e653dfc362e4f450,0.14489673692548444
0xeb457798a9e56e5e532d2716d5cab1225ea71bbf,0.14770757838348825
0xa8ff23960481d4fbde110daa35b57de5c5a434f8,0.14770757838348825
0x0d4f2027dc7039079ef7986495dec0fe37fb6425,0.14834447565172673
0x1f1b9e381b40b7bb9fe3458a1e4159aabb2b8108,0.14862963476744417
0x82567c5874949678dfb1d2db2bb58f6b3cb962b7,0.15000000000000002
0xf5500b2b41e16d624d6ce624dfa5673cd768babe,0.1516070345664039
0x09227b92319c255fe92f3ba98852379adcf32c10,0.15851314668410313
0x1c1ced055393cabb26a7632ebdc79893d0fb4f72,0.16254567330237707
0x7af4ebea21ec3ab8d02ea16ed6e5b37ddf222001,0.16719519855516599
0x83b8ae3dc788744f61578e5fadd532c319339e15,0.1673289826682313
0x38e1095ff3fabf772dbf17fccd08481bdd03544e,0.170198252029912
0x3002dbcc18c8e42b28ef81bda947883d1a0eac9e,0.170198252029912
0xd704c7c2ec1c4a63aba21a1166165988cf9ddbe4,0.1706014130622092
0x5de88720f43afc13762cf468b2b9536aec499734,0.17232465965879717
0x6fdec9954571672d56ecf2e5b1a2720146d00f42,0.17232465965879717
0xe58d7b32b9fa55e3088f5436e7d758a4ac6eed8b,0.17232465965879717
0x36ec768d59083a9b9658ac562c48a19a5be21c55,0.17232465965879717
0xb4c25157f12bb343ae85a30c1a305de47527d965,0.17232465965879717
0x9db09d7aba6ff576baf32089f8994855a8d615cc,0.17232465965879717
0x6c5948f871ab2130f17d601327baff2d531e90b2,0.17232465965879717
0xba7683373440fe49720fdb4e00dc1843104fa657,0.17232465965879717
0x587ffeb6148dd06e58d9ceb4aa9ff92008cb452d,0.17232465965879717
0xf8d3f649f138c0e6eccaef0e41dce8e47431a85e,0.1727227882156078
0x8118c06a7fd17bd887e2a0972d89c52bd90c8cbd,0.17566665495555633
0x9c90f2a24330b8d8ed8ae1208e59f40e479cb3d0,0.1759502103132864
0x2a08c1a442ddb559631166e55669b8b4d3edcaa4,0.17603154485283765
0x888441b18d4e0f2738118a55bdcc42ccb28566d4,0.17628600641681064
0x7982d9626113c85cd0ae9f24fd56a655dc276f6a,0.17628600641681064
0x7e459b94a5039f62f006fe2cad8360058a8f7453,0.17628600641681064
0x4333a086c972f4259e39ac89621818431ecf2e6b,0.17628600641681064
0x17d5f6223daedc20c8552e2e5fd353499e6bf271,0.1765474382966703
0xe91d862265613cb77b2b4360e1219b0e83d638b6,0.17701621468526516
0x72c685f1c4a6409f14fbcb20e9e705e6b01914d0,0.17779358165170236
0x82ad8fef6e6e9dbebf1709c37982d0298b1e216b,0.17779358165170236
0xd50d52b061a9271cf584a5ca6f10b3e9f6d05ab0,0.17779358165170236
0xc45dfa0e412bceabbf5b387b3bdfdd61c3fd32dd,0.17779358165170236
0xdbb406cfadf30f69bf370dda20fb4d8ec769a294,0.17804365630452587
0xcd165ea0114625f63665065b7fa3a527e2a5c3b9,0.17859694242034577
0xd60bd13594cbada5857358f4a1c29c4078d67318,0.17877555194270028
0xd9840bed272856a244e79b518f5de5126bf0171f,0.1789354023514617
0xb02c4e089fefef8ea3506bdc428f2420a13613ec,0.17898052691867125
0xad436929472ed158c5b6ca4673ef03eb9bf3e0b0,0.17906388623426678
0x512607eb9b8edac9da4963c8e41bbb0de795a481,0.17943012990741405
0x076c05217c3e3251ff11352a527ea4cceb9a45f7,0.1795525550328581
0x2dec19b919a22e49db4204e996e85fb677860f1c,0.1795977011494253
0xac8c3cfb3f78e06bd79b81455a0e22621c54db42,0.18008121662869955
0x468eb25ce1970df1a6d71bfe63460c79399fa25a,0.18035569389238068
0x5d0e9496fd687f3cd21391530f1d2c116db81ed7,0.18039642836719405
0x14d0efb65fca0b17f3aa122555215bd3122dda35,0.18062931252483652
0x4c643e43c7f543527a630e511af1f1942f93474a,0.18062931252483652
0x5230ee0c094bc4311402e822eefa79435e3d3b00,0.18062931252483652
0x57b94b3456056652876cfbaebf50dad3cf9e8540,0.18126450116009282
0xa173e775b4074d42c7e44e54de76ddf54e8c6983,0.18142797971417474
0xbd75c21241f80d93878731498633a6253a976a7d,0.1821228236322576
0xbb5e8597db96d646d6386bd879c5a70b5f844de1,0.18293909957375187
0x71cd28bea5db2d7f2da2fb4f8bd3cd0d3cddf37c,0.183073064460026
0x6fc209b0155de9854064f33ac9eff8a4a0956e0e,0.18368509028122187
0xae7622c8f070a29257c377a7fe83f3bb1a6af64f,0.18368509028122187
0xfcb3f8ccd8f869be106933fb11e3dbdd639127df,0.1838336672978289
0x1b9327ff58c2546190652d9507590beebd11bb4e,0.18387199861139866
0x1b1478cac58c0dfffd9ae237173be69c584db987,0.18424689083371718
0x669f01985922538b7c6cdab6f788909b27c4660c,0.1845630709227895
0xf3195e5acca4a68da3baa551b019a78ecf6051d2,0.18479847726054738
0xda1d6a06e117ed28f3a5742a278698230ae1dff1,0.186219045739122
0xbe18184f1a12422e4f7bb54fb5304dd12559dced,0.18854050792812838
0xae884a1fb6d9c7694632c44493e87d44766d1657,0.18950879320800487
0xa01832eca279f4e5a46e2550362d812adb165345,0.19007793195210035
0x80820353bfc3861cc3ce9276c5cc2a48b8ec9290,0.19013575693044832
0x0703ba486c842cded9ae338b6dcbc5ae147f3def,0.19100970787739316
0x9d08bd6ae06ce579fb2cad1d1efcf344a4a3b5a6,0.19107671730199674
0x6bc1edac86cf74faf13033561d647790bb9367a5,0.19133812316434987
0xaaf96a25f2333287b1308cbf078beeb4675175f1,0.19147188072680427
0x8064560616f81b5a3427084c2a442cfe50d59f0e,0.19403840112357476
0x9bae502ec633ccc37fc2bde40b36895875a8873e,0.19545389867982618
0x76a454502b4b6a6420f81018108c39d4be2bfd5d,0.19688764344766094
0x9d686829a05db362272e3c541fffa0680746a936,0.19762459192992074
0xba25872bf474ec7d99ca25b59b96444fe4303019,0.19806733814135194
0x747eb23a86517ea5351fbaded56bbdbdff65f20a,0.1981728463565922
0x4d0b580eb216bb2af1719d712b7726bd3b1a2800,0.21833501759570698
0x0693864815a12f3e7cb46d98b6fa59c536c04816,0.2315377580198891
0xca4b9b11770b0a56a29aba29ca9babaf49af4225,0.232
0x7631a2148c051461e333ffa5d49987edaebfdb3c,0.23991306511124905
0x8896b16d75dc38f3e3ee1e33b40c86ab13255e24,0.24089419926768163
0x3b1ceee955267f60e9101d9752da187fa7ff7401,0.25
0xba90dd357acaa7a39bc840b5492bb1bf4121b303,0.25
0x933b36104c53a4b18e5535a48655c2ff14ffbf8d,0.2525478637326054
0x07d0a65f218fa8a9bd93609260adca4393cb101c,0.255297378044868
0x50788429167d8974871d258c9468761f9c3ffb22,0.25848698948819576
0x23fa9cb4185304c6cf9885e2097802debf149846,0.2600883283719656
0x664ea1d02fe3decc91957a9331b5678cf5dfde6b,0.2635694329742932
0x475038982ff76548e90879c0ca823629821bc43d,0.2635694329742932
0x9d6c41ecaf82468f864e05a075dc2ec6a885fed0,0.2635694329742932
0x87cba6fde259c1f3277a18f308c6875de008ca84,0.2640705596535394
0x6f19592ad03ab2a99e439e02301796777ecc3b52,0.2651827972426618
0xce92b1502b439e998ea9c2d6f28b97c9dc7ebd0f,0.2677121944063836
0x05a066de127f9a76cbd5d6a89c3cc3f4cde77baa,0.271670228565219
0xeb1baa6f50eadcaaf78781b5004a789cc93d6919,0.2888513395723611
0x1d27e693fd1abe30050ce26d6ce133e1b8ebe056,0.28984216052593437
0xcc85d42c60fa36732986c7b72acc28cc9b8e9b25,0.2911768938214773
0x87bb17af90d8df087afbfa397828841de8e655c6,0.295194237808478
0x7ab4b42be6d9e943330dda0df55ecd7077d746c3,0.296
0x7bb5136464434048a7b3d8bedf1c6313055d2931,0.3
0x6ad5b4a3a292730f08819658e241c0f06d3c26c1,0.302126213225575
0xdd0093329352a161ee7a36244b9c9518a803249a,0.31429597701149425
0x2c0e4751066cc1fa7ceab7b5687623166b60a025,0.32972390074585195
0x0665535911bfea5ce4e95bfd61b5600d46a5afdd,0.3395109702511344
0x7501b7e24d33081f09e1546b484903a6f762bc47,0.34036186252137685
0xd8a486c5e41d2378fcdd355c00ce8a0cfbaed99e,0.34464931931759435
0x100bb57e9c73492140c570cb4c0c88ada9e852f4,0.34726971094584225
0x9824bf0a9a71193ab9f780aebcb63b6383748396,0.34882098507046183
0x429ae0dd35722d527371144ff74736056050aee8,0.3520630897056753
0x44b20f837bfb5dd751e203bed2a45ca8674f594e,0.35240587628749676
0xa5deb04abaeeb7f6273c0dbf70ec3f96777c49a6,0.35240587628749676
0x8d63f043fd8deaaccca61049eb74722ec5c0fe5c,0.35526528140580793
0x51341c295b774fc118a9b2f599625ba1a95d0497,0.3553498926510774
0x7f244d1b3b0e80e5cefc82c16c070de79f8b8a93,0.3557610970334863
0x90d3354db5b11cdba28977e63253990e17d8c657,0.35583856144966874
0x3afd90a8198ff8ce5af1db6c1c4a4b445d1c4a2f,0.3561253561253562
0x015bdceb1fe170f664f23c455b157b957e137ede,0.3561253561253562
0xde72aeb20a3de04421909aaae93a91e7baf2a600,0.36125862504967304
0x8a0cde6a41f4a30c846d6473aa49094ad460722b,0.3628559594283495
0x4e1aa64b8e907b74611b8d10beca0bd3efc60900,0.3642456472645152
0x31a1460e19a8d1efee05c6663d76878fb1817fbb,0.3644389433073651
0x9d6d8ee9dc0ef35b47f533dae31dece2dfb58392,0.36740392387390697
0xebe3eaf14e582ebb1d9224f1f90ee37bb79cb11d,0.3676673345956578
0xd4d8901b56cba5328c3c09f58dd18e7d29a6518b,0.36786344908769864
0x32cb263274b88abfee417c1fe81ec858e4529bad,0.37143593950475917
0xb913776c8b6fd9d372f325be3cca5b5e829dd4fd,0.37243254315562097
0x7e1b383844f9a10a2ea26eed0076373053a4a6a9,0.3737689685415479
0x8d875a88e9ee04894ca6da565615cee06eba92f8,0.37526572089176186
0x5e0356a37b786d3adea3ad41ce6e9eeb71470e17,0.37702465447335054
0x2e3f417e8db22267f1f1a73ddfa995c96b5258b4,0.37979579786428075
0x695052bcd87dc128e5b1b509dd3611f55b04ed4a,0.38
0x527c90bccefcb4f8f49a530de95145b38eac2549,0.38077831086741304
0xecdab7b4f53d26cbd8ee0a33a41c6e6c1593c899,0.38204695051205395
0xc3b83590f01d05bb6ece108b35210f9ce2ad65f4,0.38633158840232573
0x53d8f0e9cca5374d8a76d986e06abc2dc91935b0,0.38682474904744407
0xeb09791c398717797e2378e237058d7c8577e956,0.3950149118129209
0xfd6eac3a66166bfb2de242031f4a53cc980ac110,0.4063288776564305
0x194de6bf4b80ba434020f752b63e99b19a187247,0.41806724101994036
0x6866ff9491fde1c614539519f4d187ea64f061c8,0.4290598332860218
0xca7c8fb1d5fd474d7c37e4efbb28f7f117fbdc9b,0.46347928959499746
0xd89a9848b5f13fb68d19532bdf02e405cdd11550,0.4854707602017308
0x23b63dc5caca329e59aaba704596b227b5ea8c16,0.5
0xb1fb5c2aa74d6d9e2eacf6aa9c8a60416a29744a,0.5
0xd9505e3f5e693f33bb5620f98ee78daf6650dd06,0.5
0x4a17f61dfb6de51eb849ae51a46c28d16f14157b,0.5000003516031041
0x98b75e347795258da509e590eaadb1481b5b6239,0.5218685885816177
0x13af518542694ee91131a18985f3dd41d4d720be,0.5333333333333333
0xef2cd7aaab6080f7347e149e24f081191aed2e93,0.5341309689135776
0x0384ce3001f93979bbbc3e1f7e197e62cc9f80f1,0.5341880341880342
0x5a2250483f4a4fdcedf175b7b009cc0bb87b6be6,0.5342659948210539
0xd7158d3def9f52daf305dd8ad2edee53195a9bb9,0.5441880713974749
0x8e14ec40fa210cc3455051de25320bb4ca894b42,0.5447415394522619
0xfac731faf84214af96191c376e866254fa320e28,0.5447611140800592
0x113b06d0105767cb9b2c69dbc66ba541c9cc4548,0.5499440890176166
0xdea9bec86ef8fc52db9343bf1650e887989d4662,0.5506214501703705
0xc517a33a66650d6b35eb877705226a3eae8cb700,0.5578074448700309
0xea0282272d0b3c738c939fa1c446c078ed909d2c,0.5732301519059902
0xe693dffba290d1a5a5e018324b408820228f8db3,0.5863613522196416
0xc69e24aac8259a070eb9c3448253cfbf09c9389a,0.5939370970658081
0xe6867161d2951c6be4d942cc2f1ffe295ae48d86,0.6
0x08d9c96e874378c1f35f54b81906c1aa4efc63af,0.609157670310332
0xf21a1808400f55794290898661660c64208b0f9e,0.6098349749598063
0x8cda37d25122f0f7f1ad7a48a8a0274929a2fecc,0.6358699520419778
0x9a0d42a30152d2299a0ef595165c014e90857c1f,0.65
0xb6bfbece8a1d2318b41a532218fcb267fab468bc,0.6605237447372732
0x26f212497cd5a5d783ebf06d3c9a909513fe9d1c,0.6611872973357623
0xce2018e8fc6033ee9b6b79b153bc7841c9e82c43,0.6845032549003969
0x0d7efc2dbc519aa983d103b346f6e16e6c229f40,0.7054673721340388
0xb5c9b95e9cad8d39c52ba54478dfe6362489a67a,0.7074637424831978
0x8a335f9d5704fe7a640931de91b220d945af1024,0.7074934483188824
0x2532bd42df1987b679056c638b3251c7f12c4f2f,0.7203248665147982
0x4f60803407a9c251a9a4efd013f62b4a911fb93f,0.7215857134687762
0x66472878315d08e49e2a560dce6fc1cb7475dc2f,0.7284907638298508
0x5c837d5b25e4aec7b2465bddfc2a3b0cd388fd4a,0.7326726579752152
0xf8411d25d25d7cd834fc3c31c133cf7d226eac14,0.7347403611248875
0x8a5a8b81a336f0950ff854a4c2d7cc48fb398ec0,0.7490335051546392
0x1ef58190020a2248d64627a1c428ea035fe1521a,0.75
0xe179333564472793d89a6be8e337d98742aad6a9,0.75
0x9b3c9800699d6222792e9d39dd12bbb10216a77b,0.75
0x07d23955b2fffca4be72d239ae6186688d75cbdd,0.7578256397622594
0x96b39608e710177a8d61fd37b1f8707ed9701e88,0.7587253414264036
0x7ba1b528e9a0074fa9a4d25284f1b8a9070b223c,0.7587253414264036
0xe43f8f883d25ed09131ef356ae013f8379b74a25,0.765854285661812
0xbb50e7c417d448387c0853b6f63b16c5ae09c0be,0.7684857813800122
0xf27092a55e33dcf329cffee5cf5938761e42147d,0.7848472164085392
0x543ec00babfe56742723f71d769df44e05590ed1,0.7903451437242645
0x98adb0c06748d1dac8fc9dffcb80d0522612f02f,0.7925657334205156
0x3a6fe99eb3268947ed53e68f9b526ce9cea8e2b8,0.8
0xb0cb7e82b491a9dcc94fa1e235e66a48a9179652,0.8210180623973727
0xd83aadc7ae61ed5077f4ff52877a3b7f4a165658,0.823116175165707
0x472c34d49145eb51480265da6235428ea41b565e,0.8580703397693892
0xef7ef34c807430374afd2530ffa67f50a86bbf82,0.8607539412631839
0xd28fcaeb383dc53c6cdaf2f391f5701fd604c320,0.8616232982939859
0x501bafd1bf07afb3cbf1b6903ca4d666f1ec1ec7,0.8618522641577189
0xd89ab1706dfc6d27d8df869f3aedcbc163bee2ba,0.87
0x89eaaa7644bacc38f665e16d0832ebb6c2445e05,0.8783332747777818
0x7abe658e3cd49f23323b9e1080abdb54289b41e6,0.8835171048911507
0x8919142e0d92083a83acac90b234afd7f0e4e3a7,0.8848948275950559
0xef5c0f5c1a90fea5e8cba9eb82da94e444264e06,0.8850810734263258
0xe11b74f432065436a905683c474be84e7b13637a,0.8940007707388751
0x08d40cf6beee748ba83ce8eb62d841b4a58182e5,0.9004060831434978
0x2069086c32cfc3263cccb53027694e491095dadb,0.9112877994215578
0xea2314d56ff82ed7fce400f7d9b59becaa5fa335,0.9114457533966153
0x14d359b58f7511dcce2a34f2726aa44184cca430,0.9125441975573017
0x7c5d96f8de81c9b5bf9f0d2e85a22955a50eb2e8,0.9204712812960235
0x0e8c2cc0c8874119ae30172643b48e05f5fcd838,0.93109522869561
0x953bca966a678d95a2701aeddc89cf8aafb22507,0.9459669361852597
0x68c96938d0a478d3f08767d8d68adf75fd9be965,0.9708632213234314
0x75a9a0080b245c6fa17bff5205deee6c2417a17a,0.9755190102261206
0x288616e82d5dd4ba91fc8a4e62bdf7fd9576b336,0.9906353588469269
0x0d085e4abd50dbc9f9b302d8d42b9d2b1f982b5d,1.0
0x1b2fef6d167fa36d721787df1592c7c4725d451e,1.0
0xb952dc5fbd147a2ed1bbd6f07bca51ba0bdd22c3,1.0
0xa77784c8614ca8e4212352238ff92c55df10a677,1.0
0x9c71787c5b5885e11f74af7e5dc1324e87375a95,1.0
0x044bac82c4d1408b95eba8b3cd2c952d0a93ec9d,1.0
0xa2bbb5a1122372f387e2a7cc3b2a545ef69b4905,1.0
0xc1ca2c9d48626041cf4d46cd0238bb5c2c90cd26,1.0
0x5ab7073ec212a90f668f55d7c807673ba72e0fbd,1.0
0xf9ebdc5c7d6a1f3550fa0fb9494092cf070195a0,1.0
0x501878ddcf46f3918369227367d222a984a6ae35,1.0
0x178fc117801fd975c6d8b06dba0920ef24f425a2,1.0
0x860cbd38a050c606be38a79261e648358a64b7e5,1.0
0xf6b6b8fb0ffa9487074bbb74e456f867941c17e4,1.0
0xcebb4e9e84aa80e8d84374fb3e253a5507483372,1.0
0x9ccc09bf7473f20fa06090fed0ced2ac08f9e82d,1.0
0xeea875a27ad44f6f4608097cfcb8c2417a235a41,1.0
0x23c5eeaea63219cf4c5db43311ed2c0b9d96a314,1.0
0x01f13f769186a6e7059986479bed69b8d5710159,1.0
0x02a5948adf2f74c62c6feb8282786e4303e5275d,1.0
0xdafea9327be876339f49a17426c22f1909c318e7,1.0
0x7cf4316f4cdf6cbb66259944d13e47100296460c,1.0
0x323fb983a5915ee026716fd44882d1b8b0360ea4,1.0
0x6f351a817936103f54a50e309a1f12aec497c7c8,1.0
0xe113e373d697f64b8a64cc10151445619895b577,1.0
0x52ee1330b711632636a4aad23087e88082a5efad,1.0
0x0ff8d1f52f2786a76f93fefdd536aa040c81497e,1.0
0x3416a99f17eab4f7e0551de494414fbd99f35096,1.052297523827219
0xd4dc77165051bc2aeadff2c8a681b87163e47820,1.0612706947785482
0x68a3d02f14dbde83246e3ac1a0ce19528b215446,1.098811736687723
0x7ab2d553471bb78acd3a53ff18751c9924d64d00,1.0992924646455153
0xdf4dd7f972926d7d82b8a3bb3feb5254c368045c,1.1
0x415b6d70634861f58dfd3f05924855e69970db2b,1.1167154838890465
0x9dc35f55aa9472031b491dad122579cc378ad6e3,1.135622401800436
0x8ecfe328458d536342d5ebfd76d7bf282328a674,1.1430442938090712
0xe6713da5823dff1d4fa80a42fe5425467e498820,1.2584051060844983
0x3293ba400d471b04a88b40cbb824867eab263815,1.2605685164008968
0xc1e49bf9ddc9f7734488030e75e371e7a5bd71a3,1.2772326528541862
0x2855cbd52ca91e651be977b4352682c249d60447,1.2772326528541862
0x2fcf2f6869cccb290d4c84728ac167e44e97b648,1.2949057114406215
0x35a1ac74c0e1e11c8388ec5f0eb84701e0cee208,1.3722283845441343
0x82bb8cb3f0a5f1def55b54eef25be69594e72b8d,1.3854103415474261
0x1a610217e9cf435eda40fcb796a7132325ef20f9,1.4127229831865784
0x277d35b75ed2adb2e9e46906f10a2bef5e05be14,1.462546305996664
0x88a329840f2269b07749b9141f35aea3ef904339,1.4641999801613328
0x9f2b8be3fb5ef9badf47a226a578d2ef96dc2af1,1.4652819752001027
0x76b1270b02c8bea7e4769f9dde4f005c633c6ba8,1.4895360095330306
0xda9ba9146a72577918c975dea86bbf49be1e8a42,1.4906739709691246
0x87d1301c951d4a34d0aa220947a39d295f6e95e1,1.4965845248326872
0x8dfa87788b75d891984aac38e29b3a16e5145547,1.5
0x8f6c64476dd148edc66932ba05a4799a820efe3d,1.5
0xb2c57032e59b698357d22eaaceea54573537575a,1.5
0xb2ef2b08ce1382d04e2c0e4d7e8c0092695b389b,1.5
0xf60b0b99e84324b6877a79a62bbc0ea7fd02c2ab,1.52
0x0a2e0245ba1b2dd36da773bbb8463bfe0f1a8045,1.5398710971951635
0x376f40cc84ed4b6c7e0e2becb2d3521f6b35e18f,1.5450566855546986
0x9cc584fe5568ee3f8255e64ee2f5844f5a8053d8,1.5450678259024442
0x163f616b78d365509c4d149d12a5a61a55c70438,1.5557368661236568
0xb78e4b87ef68d20b1f955c549b2b85092f1b2730,1.5738535234156836
0x8c1473ffee45caf6c449e33af6660736949b89ed,1.609604597278717
0x86ea0a28ddfab7b8a9a898d8c0df59797ba2cd57,1.6616943211428068
0x4544c8e8b71c03a1542c12313a78f34df210e8bc,1.6719519855516598
0xae0f865083884a4228bef70b9a2dcd50a9562f85,1.6723479112458206
0xda05aedc6e8554f1af300c73e04cad9cbac7c1e8,1.7232465965879717
0xf001458f7ffd34b8009c25cc3e0c092219e8be38,1.7262752703634536
0xff412c3ad1b95605885cc0ed9a0a393837a235bb,1.742176061
0x0f27e8179ffefcb2347586b9b6673f0b9d4d710c,1.7506696311339085
0xbb3cfdf6fa6e6c36b47ffdd6df31c0b1d3e9ed54,1.7568149927996937
0x899c62ff9f27a91603becd9ac294f644b7a24257,1.765474382966703
0x0ae5f79ec40e5a98b5a0e3ae27148d3b28946135,1.765474382966703
0xc9d11fbd816272343df1bddf1f300ac7f9daa5b0,1.7779358165170236
0xeab7673e5c0a5955d99ea1cc557a256caa6a5112,1.7779358165170236
0x32f2432cc42c81f88e074fa3a285a42d31e9541f,1.7804365630452588
0xe04c7b069cbf04918a4beb2b041f0afb1cffafdc,1.7806267806267808
0xef4c47d90a6f5f281f984cb56508c950d2af5593,1.792027840879901
0xbab4906228dc896fb58fc1417d0c18e2342d1ed2,1.8008121662869956
0x36cd7a90e3c37bdc8990951d1a70fbce51f5af1c,1.8039642836719405
0xe17671cdd62958cf36420e97951f4cbb00101a29,1.8062931252483654
0x73cf37d6ccc1aed905b50be0afa703145d20f115,1.8143222599198068
0x3090a69c2c8a3493b3becd9a7fc69a6d9cd38cb5,1.815870380266864
0xecd98f4dad7876e2b0b45aca5c9be4e33a36576b,1.8212282363225758
0x3c0eff7e62a62afb706acdcc0a5373d45105ce6b,1.837897445322551
0xe159721b54cb6bd972316b6376fe3283cc9f69d9,1.837897445322551
0x12dfb9204220c83f202c925d285d5faa61ee6956,1.837897445322551
0x57d6baea9d97459d4820cf9e284c2e0b09ae57d1,1.8387199861139867
0x61fe2246adbc5e11d8450a106b32da3395787f3a,1.838776110620771
0x358d73f5b14a9ec7c492efaf85ceae7155b945ce,1.8497033002045844
0xde1c96a3e0d06fa1ccf9393f5f4411f1c50d6afb,1.8612280416034537
0x66377c4f12fd23d48da89213518ad47351c5d32d,1.872180772329032
0x4d0a07ca849524bdf5b9e34d2fe9319325294f76,1.8884055333715593
0x85f8dfa8f554dc28eb9920e261db65554402b77f,1.964494691241552
0x4d3a6da1a3a9a1d77f79f956460640770c565770,2.0
0x47528a959cf0b19d3087ef28b30333f1df03c221,2.0
0x28d4759e8fb50e191527375bd00d3fb3a0a04c01,2.0
0x5cd075807d9cb8d7c0fb5a149b353b3a5e98511e,2.0
0xc57f3d271e21180665700c9fef33a1968e4b0f41,2.0
0x912abbeefb191375ed6b86bf4c762c89bf7a812b,2.0
0xa96245f6b2b69463fbaa9a3a9a9ed5e5d492f77e,2.0
0x38c624d3b5cd8caa902e37f28ba5174ce72d0f75,2.0
0x90874dc48eedf4fdd5a3b10c7526522dc5d975a0,2.0
0x0bce8f18f208d20d33f37cebf6855aa39aa7de88,2.0
0x916969e887522839e1d94e1bf486512752307808,2.0
0xcb9c94cc52e69268b1c2ddd04bfee67c4059b304,2.0
0x842eff24114c75abcc7cb3a27d31ba997d8931ab,2.0
0xc79f055a1eece27704a34f2535d58148aae2f0ff,2.0
0x79a520cb109b540c46b4b1038ac0afbfa3fa293a,2.006920415224913
0x27446dcc390e00d49da897300702cf277788b29f,2.0372256690434303
0x3a5ef7772aacd344dd53f30c5b124a6703740c88,2.0448002280797897
0xd5b56f12bca26d15889be4270e91a1c1dba4684a,2.0630036758530412
0x89730dee2c93fc2635944c7f7069326acaa0a805,2.1
0x021cea9e4238491e7f920ad3748e985c6c367b03,2.1468441391155
0x87576563bbd9545bbc6f17493401563d36249ebe,2.1497390998456094
0x2585fe93bea4fe7215de5512bc859e792c6fbdca,2.2413149047441165
0x41cdf2200bd78ad31c11bf11c9321ee19dc24339,2.3108660966958765
0xb5f1e5fe66c0d5423b2f9e49125ef3ce845191d9,2.348211982897542
0x4a0a14e7a3da97a7aa3f310c383c5c168f6ed0e9,2.445641341316885
0xe02285b972517411a97cbf268a1506691c6f7247,2.470352627588867
0x44909bdd05dda8a13c681414cf684bf148d5f411,2.615288612303534
0x021160322aabc5c22b5f2ff96579ffaf5c69d426,2.6735353609425507
0x930166df7c8dc0e18b88d76455df8b90ba834551,2.6932883254928717
0x774ea6e8fe7cfcb0e83e1bb2a6d8405f236c76d9,2.715152839395866
0x64690e96b303d2b0fdf22f9d190bbf3ba46d2ee2,2.7524709732844475
0x00bc98fc03f55cea3c5eb8e4eace24f1d33ba856,2.82026142792232
0xb187c6517ce2a835e3480949bfdd975caea02de7,2.869602826227405
0xf01f87f0df6bb5c2a2d9b0e7dde11d8a5af542fb,2.9420934863310952
0xbca46e71d8cfd4e948f988011e6e268d62836440,2.951917240853466
0xf9f86c09436652e3850bfcf1c12963147ecb5cab,2.9999186672424876
0x5303287679031066287bf24e35697455d8d62b41,3.0
0xf38f659e4ab1f3695a7957cea7a5edf5164f36bd,3.0
0xf2853c7777644702f3d13392f98019a56a42880b,3.0
0xde3394c1ca228d66d50f58ef7b47f8b44adf9e30,3.0
0x7e614f284e81b7a70102f2b7523095643dd5497d,3.0
0xfc7afec4b983fe16235b3b6c28425912cbd39bcb,3.0
0xdcf2211711608019f26839bf1097ef0478d7a8e4,3.0479483218889394
0x7534f6d319501f657cf8d84366444326dcc14226,3.0490646607342056
0xb4a2100cc6d8007e197f18b22f86dfcf4941ae27,3.1018438738583494
0x58b252b59fed071e7cd63f5e8a7b7556df7dd4ce,3.12
0x1de46883a5d2c02b5ae1bdd3f2b5fc3306138662,3.1301729581558613
0xb5dfb0c2684388f9a2b383940358d1273bef8ed6,3.1306182659357145
0x9dba77486bd655bacb6ae97b1f0b7d22416729d3,3.14
0xeb0eff043a84df3cff28a848a3645434978454f2,3.4351612369258278
0x8287ea597f1ac1ac0a6f6413df97e2f7f2ffae21,3.675794890645102
0x8abea228df5b4cff9d5179b7203d336cafb6e133,3.7271710771524416
0xa7555638fcdc1d25cda78b733e784a23813dfb06,3.76243648979496
0xcab04b8d68e5363cea74b7e840c5d773a183e835,3.9104655490931264
0xe216f0ec9b9fcb129697d5622db530776f2423b0,3.992
0x4181b47f61ea66131375523810d02e84144cfe0c,4.0
0xfa78c8208311a6821d19bedd427ed3146a4a27c3,4.0
0xb26d77c7b02a645ded39eb9346f3c21ae8d4659f,4.003832466465918
0x88676d22cb5988c5a962fb428e6c0f60e085ac7d,4.062443448940625
0xdfec8eff53bcdb0d9a2f3fef1ebf57f08ba58311,4.22204456687096
0x61c97e3c0fe8d6e81c384c22161d22a8c45666f9,4.289172670510857
0x06a13f59da1e0ba35a5ccb284159f6108847907e,4.368199507584783
0xa9d3a18f642fe86d10e1c5b068bd4bf4e7bef39c,4.37
0x5de9ee9ddae7c26c07b7c7593da25bacc8ecd503,4.4
0x7388471bfd696255d1a839361a00046fdcc0c095,4.443483290706364
0xad035cc5d1de941e2596ecabe5aa13b950935d8c,4.595352804807624
0x097961f07ee4cd70b20abc543ce66759c819d91d,4.972456733410849
0x7597e8c704d8b57e4640c9cfb783d77beff1b331,5.0
0xb89953b858d014de8637da08abbb93dc9cdac4dc,5.0
0x1e3882eebb3924bbf17b55e443fb72bd53a1d545,5.0
0x1a4c4ff15a0eef1996bac6a9a7532a1368c2c614,5.0
0x3acaf5933ab6dfc71a90e31125a8bd67fa6933cd,5.0
0x493fdca1b0acd3fc4f3fad6ecaccbc1d6353d8e3,5.0
0xd35357e58daeaec732929da579e812c9ac216cc6,5.0
0x157169de4903c833b1ce57c7690dbf447170a7ae,5.0
0xfda97dbf77f96b05b26cdf12d01e654ab7250d41,5.0
0xf95f431c8595408891ca137d9d3178950059033c,5.0
0x20c31ec3286e191fac83c5b2ab641572f02382ba,5.0
0x5b117e17e42e6b5f65cda730379cd4e39e5a1715,5.0
0x330ce636def477613e077a57fcbfe5be56cbe96a,5.03685137782913
0x5083043abfceadd736a97ce32a71ac7a1386e449,5.05
0x0286b10dd2f369e42a73f9c97afa195d98c1f902,5.741560852786294
0xe4aa6b5f46ab4bd9178a10b0feef61ac9ca0ef90,5.936930796759861
0xa55cf2b36c7108c31ade2cf7eff8955e4520072d,6.0
0x32e1160e4d62268134612d4739f15afe6fd6d214,6.0
0x9ebe3c49155ac717bcf1a08db976b26bef72a446,6.372809346787042
0x005cfaa0ad75a99e2b71279852d1d64fd28870c6,6.40062263506739
0xf5f9517a4913629b4a65a155de797402a6695809,7.0
0xc011781e454f93fc9d1c06ecf814be3f8977aa41,7.0
0xf2abc2a34da041dc4c4ef59912f1fbfaf96ae53f,7.055841477789077
0xfcce621dcd719911f042dd0a13f85734c255cbf3,7.207149251338543
0x4a48d458652b07d820d9405355807a99e1009a54,7.539999999999999
0x920264d5e67955825b2bd9ac600d5aa407e199b7,7.723651171885889
0xdb5dbf477b270ed5dda1996f5356a5765633666c,8.0
0x23091cb65b79235aba66b9cecd49ca005ea7d4e7,8.319554411190877
0x9e9ef3da9f553c47f88363806835bdd8d45627f0,8.387049768658478
0x011188ee3d670bee597530a2dd2fce9292301bcc,8.5
0x7c8bdfd8281479778e22079f4018c4751922da2c,8.75
0xf21b61a079aa9710a370725acf995acd82f3bd4c,9.296790747833848
0xb6ad2290563d0a83ff5777fc1ad39db89add866f,9.804402176577284
0xc08948e01a9eb7c928b94b6d2f1727d138624b84,9.9
0x8c0ef7f4b19b0807ea1955d511807ab7f3f15466,10.0
0xbb8c0342f86390705fd5b81949bb200de88eec22,10.0
0x132c79eaceed175a8bde45383c563436fdc244dd,10.0
0xb6287c4dc62087052daf7e1f41dd274c6e60fa7b,10.0
0x612c320da7a662bdcf9854613def05dacae13fd5,10.0
0x5a621ab34c8a1997ad96d6a330adf69837b7cb99,10.0
0xfc3db2ef7fcf386ccac6262ab5ad7f6518d6e500,10.0
0x813da475a2f2336ae7d4d3279939cdfd13de2282,10.0
0x4170100d9babe24c0e958722b5ef43f8b9682711,10.027541217304051
0xa9def5ea48697c89e1b505cb0e046c0e8540299e,10.09
0x90dcad556ed6bd75b7088cb4759a7e0ca3eb80d8,10.185867835939622
0x7018f40a550277e13659d64f62e8e65d0dacf1f4,10.631354088373751
0xfa82b24393d7a5281736f1c94a424bbf29291bdd,10.666485139517611
0x3e3f3bb64128f2a7b90923283c31766b83b6539a,11.641999210672454
0xca46ad7bb4b46675cc1010f802a24a0d98a2f06a,11.883498929890921
0xf4b93ea126d9c4d44197802bf570acab113f6680,12.782949115078686
0x1383ffc79eab4a538c2b5841b0acb447a061be88,13.0
0x876cb22efdd2f4b0e58dbe9c927f8f7ded6115d8,14.0
0x4327031926a0bbd1adccad78a660eed4b2f91b6f,14.548313289583895
0x091de03d00b2b07760e2a46154e52b605b4abfd8,15.0
0x996057b443d5c9592032744b22cc654f17ecde36,15.031072064362164
0xf6485549004cbc1dd1bb35b109e71a643c57729a,15.221956618594557
0xa2c42efb207c8353256205d96323d2aa8fb74ad4,16.546661964764898
0x6d305579d62b9a28dc63e3f51acf7168289625c9,17.0
0xec64098d95f1bdbae488a2bee1cc77d47b20add2,18.492037279119046
0x691b2abe1d9a885dbca69b69dcf7c261380d811c,18.852984427434862
0x25faae9dab2a8119c6114122da555edb9abd0e3f,19.0
0xae015f67d16c1606d966d24d491c297aaae7f128,19.831921162824866
0xd410c324812a30344fea9a7e534ad88392d15249,19.860235926532418
0x48e444510afd51be2f892d3b46be55858d956d2c,20.0
0xd2412a6fe17f2b87aee9c46cc2ca2cb700a11b6b,20.0
0x266a78959361cd53921135a59e8088c6931147d0,20.0
0xa9dc7b2635414f9cab240bfd819614878771d657,20.0
0xbda91ba81aa1a3020129f7dc261868be80e62e1b,20.0
0xd22706e7b768118be7a267797d97070275cc93dc,20.0
0x7ce01d7005ce3818b77d2a4550fa506cab213402,20.0
0x774e92b8617d2169086180edfd6585e0eeb47d95,20.0
0x3b33c3d6bf91c48ff3fe95e9462a4b171a8e608e,20.0
0xeb02bf088d7bc7833ddcee8dc78514fd05c9db94,20.0
0x44250f3116c781e0fa160926a2941211f6c3e87d,20.0
0x2b59dd292b789f4e52520f1f9cb1caf39d47e8c7,20.998906743853773
0xba801d61cd48353527c8f8f3d532a7e6ce925720,21.0
0x75b926c772c04f8a0e9f9cf17f6e37f158793d94,21.190677612906185
0xb43017482df61ca52651e7a8e368aae740a44788,21.23250624524412
0xae420fdcc8c6b1aa3d6351acf6cb10aaab0f5b54,23.192575873771695
0x061de862b786c7927771e94d8c11d51ca4ad0853,23.315458148752622
0xcc335b83b2321c0dc2693977b62e9c6a58ef365e,23.841372431090512
0x580d610b06e9d081c8fa88507ab2d14d3dcbfda9,24.591738712776177
0x738173e1cdf4a4c785dc63c6987a1fd3bbfb3aff,25.218274111891585
0xd31645e03a821c0c87409382fa4b753c6dce5388,26.0
0xc609135e96aa3424c05e940a6d2693d674bc9fdd,28.0
0xb11bcd6ef5d6837c537c52d6191adf18067b4720,29.0
0x8c2755cdcf38086d3001c39d5a1b876e9ad9bc75,30.0
0x8082bfb32aa5a1c51ded0a9923754fe04732185a,34.68
0x29a6520a99656e5b17a34471d5d458efd3696695,36.0
0x89403aa952d8d389a93dbb6cb5c96ed1485ab743,36.44477937646627
0x460042895b74724d4d994971344d6a8264c54ddb,36.67
0x06677920912dfa402f6400afb4c16b8347fe2a17,37.71570720164247
0xe5668815e512d8de2a82a1c8b0e1613aed30505f,39.506432964167665
0x3778b81994816d19da1a35bdde404a3a4d9e9971,40.957702489147024
0x000f4432a40560bbff1b581a8b7aded8dab80026,41.12307293552561
0xa0e34f164e1750b4f2776b0976e766b23e1ad584,46.924653868370875
0x21d2112604f57208550ba6a6ccc4c542974cf587,48.0
0xfe17219ed39176ac65aa5b7ddb3d0dc5c021e68f,48.760000000000005
0xce217f11f13607e2f30febdef866d1d69ba79be8,48.791436127130964
0x551e6b0677ed2e2976e0a62715f18e8a49ba9f75,49.5
0xaf4d71dd09f125520ba97161f1c34cd7dab112a5,50.0
0x4ad20e31cff8054cecfce87695139e5a67384702,50.0
0x00a41cf444834384eb2e01c51e48de0f31f2b930,50.0
0x0d079d2c81b5fa67191f6d3166e269b079f72057,50.0
0x3d19fc015be5e6e41bc42ba0a3b31d995332574c,50.0
0x3cde3290030abb8c22e67141bb6bfbb826290e5a,50.0
0xd558e6f79c370a57818a85bc63b6abb29b1d7859,50.18724468400531
0xd77607d5a9c52105937ed6f22ea91fd9d87ab9a2,50.6663085436721
0xeebe168c4bf17fb684f9ca050ac9d94ef57c59d6,54.4645446259107
0x02045bbd87d0c6731c37f388207c5b7b3c0ada70,58.75
0x57b0a4c3d9c852747243805774b53f2a8b2369b3,72.1
0x2618045a3b7bdee06e6d9bdc3f1cbacd592baad5,74.0
0xb10fdc002fdcf054d272ea75ae5a1ebd5bec390c,78.0
0x19957b77c5cb6eff62d25fa20713ccb6619a05e5,82.7847656784885
0x305e4ac22a03000b25b4852b4cdddb78028c8aa7,95.71761313199708
0xb99834c8f583a8fb1fd93b2212407a19f9aecbac,98.85754255071112
0x9bd91b6f99abdcac054474eb4e31a438629ee1dc,100.0
0x7c9c50cb6db551585c13d84854f3765df3819a7b,110.79887878279997
0x338b2695970c83f464e6f72c5df3701af6e81fca,121.21665502986778
0x3af1bf28657b77aa155e2f1d5d99f669eff4cca5,180.0
0x78e554f17216d11d5efdb7f5457a41059671700e,189.96256787600004
0x9871a7f7eda940aaa5313347ea84ec667dd6ec46,200.0
0xa8260c7a0b372d8c055548349bb3c74920f47681,200.00000004
0x22886a74a0fcf75d1b22df2eeafddd7a989c368d,200.00000008
0x1e5c78dcc99adea70e9aab90bf88fbac8c800151,264.0
0x243d55f5ff1be03d01f9d91f34406bf4a2c45533,291.0
0x8994ae56ce90b854b532ae183b2245c6ca258480,300.0
0x9f6f1a44a9ce64d88d76030017a5667c715462a6,305.72251401737725
0x8462c3f5334fe10d26605d559a3b8cb89b71d5bd,393.87801035336486
0x3137913db63a9cdff02013f46a5c5a1f10d7f8fd,457.9905079208579
0x9dbd4cec1c3f22a351a2e25aa57dae1cf3db3919,484.0131781746158
0x7c86e1b194c1586596aedcc189dffc15f09bba9e,500.0
0xbd5fff8b575c6071bdabe1dd0e40b74b3e002a8d,501.0
0x17f492ef77cd65ec9936cce6656e6999bf7a6359,550.0
0x2fd1bb0b637b35527cd85d5cad65321d5426ce12,605.0
0xfb99d97fccf4ae2e5c15b695ca0a1edf8e2f0fb6,712.51
0x4a29cf7914f9f1139e3ddcc3451f10db0135c987,786.2114113597722
0x35f7937c2c2cd23310d4e394e566e7bc574b5dca,831.8358832119859
0x783e9e1d6aa973d8e58ad787cc12c56127c6f9ef,861.7032787735263
0x056cf63575d0aa0998406a8840362747b4f33c6e,1000.0
0xe7eb0e34e95700a0f9286a0065fb19b1e33eee54,1000.0
0x851b85aa13193fd3a2987662eec5df7e89f25912,1284.0
0x398681b01bd5ba02df903acc41890f4e2ce530f9,1325.0
0x3f0586dce0f5669e5af4ccb03a441f70aa7b0dad,1325.0
0xb4b1a6af38b0a00237d623666540d1606ba05eff,1340.1
0x27c3a646e41632383984bf120526ddc54db5fc7a,1521.998071505549
0x11b1553ac35397235c6b0c45d4a0b3803fc0a18e,1633.1156888677224
0xb07535cc39af3f1baf98e3c723ac1e8265ab614f,1639.5776
0x58be581e9493cec25c1cf00a5dc4fbf34d0074e9,1734.498444528565
0x95b087be5f04e46a1c0dc3f65f66b9f72a6ccd31,1742.6179179476135
0x1f1e0da9cc578584c6c46b5e80e5dad7304a9785,1786.3841797817038
0x391c490a2ebe1b5bdc66d70c499bd97c15c63ac3,1910.7145988272732
0x6afbdc92fddeee1a954749c4857653592c94e7bd,1995.3562617907414
0xe92371e822714fa07b05c1442b989a9e17081905,2000.0
0x61550368dcbe2afec14b3c7d956cddcf4b445bf2,2086.0
0xbffdf2039cb7d5b7580f930002b29e9e224a32db,2131.880993672158
0xb26e2127e96827c247a36e32439c0bc0bc5ee0e6,2276.927163374884
0x87294b177a5b9b5b72fd1bc451989451c3c590cf,2327.9012425308324
0xf42eb71d720438d4a5122f5ec55f12cb64d86e7e,2407.6303361422356
0x9fb33a78a62260a0a9fd1f18150b753a6cc0d7ab,2429.87957425
0x4f09fb41ccd090f1312c2a65f9003d8a1c1a9209,2525.0
0xa6f1eeb65faa60abf69b9def8d424a81c10679bd,2702.7027027027025
0xe7f12987a30698241fd79b34f7cb4f5fc972c35b,2830.0
0x2e0dc8f170fb94ce59bbf15572f7f4288765d084,2906.750548112976
0xbf6f643e074577adad36ac9007a4059e8e30ee0a,2932.2412895894454
0xc81d25adcb034f3e71f6ef6ab37c58d759f666c3,3113.7131985428896
0xe928702dcbc8e0c0976d7a84c464b1668fd671ca,3450.0
0xc0794ff8ff4f248f72aadfe7c85004faaf64669e,3999.9762922689097
0xa904e2cde2f31e4a3f626f0d9054726dbca4695e,4578.114999119059
0xd9ca091af9a1716249dfbfd01aa2ed47d47ea5c3,4606.32453233684
0x7b106de3e74b4df5f038f5f2a8f38d4819a024d6,4666.581285610001
0x21fb4411fa5828344c2788ab07d4cc12a12571b9,5000.0
0xed32008db382d078babb0eb6f91df0207d909899,5000.0
0x5464d19f5561e7888ea0cc043715f4356d52d4cf,5172.0
0x84a8e197cbffae2991ecf042aca9de70641145cc,5651.884292840698
0x3a84aa862b9a4d3286d5b1dc173af8971a132160,5944.814821834851
0x0ab4c6609dbf72d18ccc57656243789a9fa564db,6500.068055430286
0xe4d2d3468605ccefa8810eced765845d9d6426c6,6981.019900090409
0xeb236fadbefaaf843ea4cafffeb3e3eb40bbe2c9,7621.98955632052
0x89d0da535ae6cc1e994005648eef17109a107970,8147.088369662967
0x605d7df06401b7104346a7cc4ca61430f9cca2de,9186.856856117196
0xe16b429a27264bf0eb343e58b492dff72f384dbc,10973.540852662658
0x75cdec15a7160f886b33e6366c9dcc457216d873,11840.102475893273
0x6e2d19335ab7c8080f8a3dddf6bc8a321a520dd1,14529.499536096873
0x07731752a4653cb4fe2acdeb3979e29a78f2b688,190000.0
0x62c06ebce770f7166f726fab4924940adb520eec,1460749.849623
